1;true;true;true;false;https://24-ritual.ru/pages/market/marketOpen.php?id=1;"ООО 24-ritual";"Венок ритуальный, 110 см. Серия ""Заказной"",  №1";Венки;2800;3440;RUR;https://24-ritual.ru/images/wreath/901.jpg;"Венок ритуальный. Серия ""Заказной"", 110 см. №1<br>
В комплект входит атласная лента с памятной надписью.<br>
Цвет ленты и надпись- на Ваш выбор.<br>";;"Наличные, Visa/Mastercard, б/н расчет";true;;;;
2;true;true;true;false;https://24-ritual.ru/pages/market/marketOpen.php?id=2;"ООО 24-ritual";"Венок ритуальный, 110 см. Серия ""Заказной"",  №2";Венки;2800;3440;RUR;https://24-ritual.ru/images/wreath/902.jpg;"Венок ритуальный, 110 см. Серия ""Заказной"",  №2<br>
В комплект входит атласная лента с памятной надписью.<br>
Цвет ленты и надпись- на Ваш выбор.<br>";;"Наличные, Visa/Mastercard, б/н расчет";true;;;;
3;true;true;true;false;https://24-ritual.ru/pages/market/marketOpen.php?id=3;"ООО 24-ritual";"Венок ритуальный, 110 см. Серия ""Заказной"",  №3";Венки;2800;3440;RUR;https://24-ritual.ru/images/wreath/903.jpg;"Венок ритуальный, 110 см. Серия ""Заказной"",  №3<br>
В комплект входит атласная лента с памятной надписью.<br>
Цвет ленты и надпись- на Ваш выбор.<br>";;"Наличные, Visa/Mastercard, б/н расчет";true;;;;
4;true;true;true;false;https://24-ritual.ru/pages/market/marketOpen.php?id=4;"ООО 24-ritual";"Венок ритуальный, 110 см. Серия ""Заказной"",  №4";Венки;2800;3440;RUR;https://24-ritual.ru/images/wreath/904.jpg;"Венок ритуальный, 110 см. Серия ""Заказной"",  №4<br>
В комплект входит атласная лента с памятной надписью.<br>
Цвет ленты и надпись- на Ваш выбор.<br>";;"Наличные, Visa/Mastercard, б/н расчет";true;;;;
5;true;true;true;false;https://24-ritual.ru/pages/market/marketOpen.php?id=5;"ООО 24-ritual";"Венок ритуальный, 110 см. Серия ""Заказной"",  №5";Венки;2800;3440;RUR;https://24-ritual.ru/images/wreath/905.jpg;"Венок ритуальный, 110 см. Серия ""Заказной"",  №5<br>
В комплект входит атласная лента с памятной надписью.<br>
Цвет ленты и надпись- на Ваш выбор.<br>";;"Наличные, Visa/Mastercard, б/н расчет";true;;;;
6;true;true;true;false;https://24-ritual.ru/pages/market/marketOpen.php?id=6;"ООО 24-ritual";"Венок ритуальный, 110 см. Серия ""Заказной"",  №6";Венки;2800;3440;RUR;https://24-ritual.ru/images/wreath/906.jpg;"Венок ритуальный, 110 см. Серия ""Заказной"",  №6<br>
В комплект входит атласная лента с памятной надписью.<br>
Цвет ленты и надпись- на Ваш выбор.<br>";;"Наличные, Visa/Mastercard, б/н расчет";true;;;;
7;true;true;true;false;https://24-ritual.ru/pages/market/marketOpen.php?id=7;"ООО 24-ritual";"Венок ритуальный, 110 см. Серия ""Заказной"",  №7";Венки;2800;3440;RUR;https://24-ritual.ru/images/wreath/907.jpg;"Венок ритуальный, 110 см. Серия ""Заказной"",  №7<br>
В комплект входит атласная лента с памятной надписью.<br>
Цвет ленты и надпись- на Ваш выбор.<br>";;"Наличные, Visa/Mastercard, б/н расчет";true;;;;
8;true;true;true;false;https://24-ritual.ru/pages/market/marketOpen.php?id=8;"ООО 24-ritual";"Венок ритуальный, 110 см. Серия ""Заказной"",  №8";Венки;2800;3440;RUR;https://24-ritual.ru/images/wreath/908.jpg;"Венок ритуальный, 110 см. Серия ""Заказной"",  №8<br>
В комплект входит атласная лента с памятной надписью.<br>
Цвет ленты и надпись- на Ваш выбор.<br>";;"Наличные, Visa/Mastercard, б/н расчет";true;;;;
9;true;true;true;false;https://24-ritual.ru/pages/market/marketOpen.php?id=9;"ООО 24-ritual";"Венок ритуальный, 110 см. Серия ""Заказной"",  №9";Венки;2800;3440;RUR;https://24-ritual.ru/images/wreath/909.jpg;"Венок ритуальный, 110 см. Серия ""Заказной"",  №9<br>
В комплект входит атласная лента с памятной надписью.<br>
Цвет ленты и надпись- на Ваш выбор.<br>";;"Наличные, Visa/Mastercard, б/н расчет";true;;;;
10;true;true;true;false;https://24-ritual.ru/pages/market/marketOpen.php?id=10;"ООО 24-ritual";"Венок ритуальный, 110 см. Серия ""Заказной"",  №10";Венки;2800;3440;RUR;https://24-ritual.ru/images/wreath/910.jpg;"Венок ритуальный, 110 см. Серия ""Заказной"",  №10<br>
В комплект входит атласная лента с памятной надписью.<br>
Цвет ленты и надпись- на Ваш выбор.<br>";;"Наличные, Visa/Mastercard, б/н расчет";true;;;;
11;true;true;true;false;https://24-ritual.ru/pages/market/marketOpen.php?id=11;"ООО 24-ritual";"Венок ритуальный, 110 см. Серия ""Заказной"",  №11";Венки;2800;3440;RUR;https://24-ritual.ru/images/wreath/911.jpg;"Венок ритуальный, 110 см. Серия ""Заказной"",  №11<br>
В комплект входит атласная лента с памятной надписью.<br>
Цвет ленты и надпись- на Ваш выбор.<br>";;"Наличные, Visa/Mastercard, б/н расчет";true;;;;
12;true;true;true;false;https://24-ritual.ru/pages/market/marketOpen.php?id=12;"ООО 24-ritual";"Венок ритуальный, 110 см. Серия ""Заказной"",  №12";Венки;2800;3440;RUR;https://24-ritual.ru/images/wreath/912.jpg;"Венок ритуальный, 110 см. Серия ""Заказной"",  №12<br>
В комплект входит атласная лента с памятной надписью.<br>
Цвет ленты и надпись- на Ваш выбор.<br>";;"Наличные, Visa/Mastercard, б/н расчет";true;;;;
13;true;true;true;false;https://24-ritual.ru/pages/market/marketOpen.php?id=13;"ООО 24-ritual";"Венок ритуальный, 110 см. Серия ""Заказной"",  №13";Венки;2800;3440;RUR;https://24-ritual.ru/images/wreath/913.jpg;"Венок ритуальный, 110 см. Серия ""Заказной"",  №13<br>
В комплект входит атласная лента с памятной надписью.<br>
Цвет ленты и надпись- на Ваш выбор.<br>";;"Наличные, Visa/Mastercard, б/н расчет";true;;;;
14;true;true;true;false;https://24-ritual.ru/pages/market/marketOpen.php?id=14;"ООО 24-ritual";"Венок ритуальный, 110 см. Серия ""Заказной"",  №14";Венки;2800;3440;RUR;https://24-ritual.ru/images/wreath/914.jpg;"Венок ритуальный, 110 см. Серия ""Заказной"",  №14<br>
В комплект входит атласная лента с памятной надписью.<br>
Цвет ленты и надпись- на Ваш выбор.<br>";;"Наличные, Visa/Mastercard, б/н расчет";true;;;;
15;true;true;true;false;https://24-ritual.ru/pages/market/marketOpen.php?id=15;"ООО 24-ritual";"Венок ритуальный, 110 см. Серия ""Заказной"",  №15";Венки;2800;3440;RUR;https://24-ritual.ru/images/wreath/915.jpg;"Венок ритуальный, 110 см. Серия ""Заказной"",  №15<br>
В комплект входит атласная лента с памятной надписью.<br>
Цвет ленты и надпись- на Ваш выбор.<br>";;"Наличные, Visa/Mastercard, б/н расчет";true;;;;
16;true;true;true;false;https://24-ritual.ru/pages/market/marketOpen.php?id=16;"ООО 24-ritual";"Венок ритуальный, 110 см. Серия ""Заказной"",  №16";Венки;2800;3440;RUR;https://24-ritual.ru/images/wreath/916.jpg;"Венок ритуальный, 110 см. Серия ""Заказной"",  №16<br>
В комплект входит атласная лента с памятной надписью.<br>
Цвет ленты и надпись- на Ваш выбор.<br>";;"Наличные, Visa/Mastercard, б/н расчет";true;;;;
17;true;true;true;false;https://24-ritual.ru/pages/market/marketOpen.php?id=17;"ООО 24-ritual";"Венок ритуальный, 110 см. Серия ""Заказной"",  №17";Венки;2800;3440;RUR;https://24-ritual.ru/images/wreath/917.jpg;"Венок ритуальный, 110 см. Серия ""Заказной"",  №17<br>
В комплект входит атласная лента с памятной надписью.<br>
Цвет ленты и надпись- на Ваш выбор.<br>";;"Наличные, Visa/Mastercard, б/н расчет";true;;;;
18;true;true;true;false;https://24-ritual.ru/pages/market/marketOpen.php?id=18;"ООО 24-ritual";"Венок ритуальный, 110 см. Серия ""Заказной"",  №18";Венки;2800;3440;RUR;https://24-ritual.ru/images/wreath/918.jpg;"Венок ритуальный, 110 см. Серия ""Заказной"",  №18<br>
В комплект входит атласная лента с памятной надписью.<br>
Цвет ленты и надпись- на Ваш выбор.<br>";;"Наличные, Visa/Mastercard, б/н расчет";true;;;;
19;true;true;true;false;https://24-ritual.ru/pages/market/marketOpen.php?id=19;"ООО 24-ritual";"Венок ритуальный, 110 см. Серия ""Заказной"",  №19";Венки;2800;3440;RUR;https://24-ritual.ru/images/wreath/919.jpg;"Венок ритуальный, 110 см. Серия ""Заказной"",  №19<br>
В комплект входит атласная лента с памятной надписью.<br>
Цвет ленты и надпись- на Ваш выбор.<br>";;"Наличные, Visa/Mastercard, б/н расчет";true;;;;
20;true;true;true;false;https://24-ritual.ru/pages/market/marketOpen.php?id=20;"ООО 24-ritual";"Венок ритуальный, 110 см. Серия ""Заказной"",  №20";Венки;2800;3440;RUR;https://24-ritual.ru/images/wreath/920.jpg;"Венок ритуальный, 110 см. Серия ""Заказной"",  №20<br>
В комплект входит атласная лента с памятной надписью.<br>
Цвет ленты и надпись- на Ваш выбор.<br>";;"Наличные, Visa/Mastercard, б/н расчет";true;;;;
21;true;true;true;false;https://24-ritual.ru/pages/market/marketOpen.php?id=21;"ООО 24-ritual";"Венок ритуальный, 110 см. Серия ""Заказной"",  №21";Венки;2800;3440;RUR;https://24-ritual.ru/images/wreath/921.jpg;"Венок ритуальный, 110 см. Серия ""Заказной"",  №21<br>
В комплект входит атласная лента с памятной надписью.<br>
Цвет ленты и надпись- на Ваш выбор.<br>";;"Наличные, Visa/Mastercard, б/н расчет";true;;;;
22;true;true;true;false;https://24-ritual.ru/pages/market/marketOpen.php?id=22;"ООО 24-ritual";"Венок ритуальный, 110 см. Серия ""Заказной"",  №22";Венки;2800;3440;RUR;https://24-ritual.ru/images/wreath/922.jpg;"Венок ритуальный, 110 см. Серия ""Заказной"",  №22<br>
В комплект входит атласная лента с памятной надписью.<br>
Цвет ленты и надпись- на Ваш выбор.<br>";;"Наличные, Visa/Mastercard, б/н расчет";true;;;;
23;true;true;true;false;https://24-ritual.ru/pages/market/marketOpen.php?id=23;"ООО 24-ritual";"Венок ритуальный, 110 см. Серия ""Заказной"",  №23";Венки;2800;3440;RUR;https://24-ritual.ru/images/wreath/923.jpg;"Венок ритуальный, 110 см. Серия ""Заказной"",  №23<br>
В комплект входит атласная лента с памятной надписью.<br>
Цвет ленты и надпись- на Ваш выбор.<br>";;"Наличные, Visa/Mastercard, б/н расчет";true;;;;
24;true;true;true;false;https://24-ritual.ru/pages/market/marketOpen.php?id=24;"ООО 24-ritual";"Венок ритуальный, 110 см. Серия ""Заказной"",  №24";Венки;2800;3440;RUR;https://24-ritual.ru/images/wreath/924.jpg;"Венок ритуальный, 110 см. Серия ""Заказной"",  №24<br>
В комплект входит атласная лента с памятной надписью.<br>
Цвет ленты и надпись- на Ваш выбор.<br>";;"Наличные, Visa/Mastercard, б/н расчет";true;;;;
25;true;true;true;false;https://24-ritual.ru/pages/market/marketOpen.php?id=25;"ООО 24-ritual";"Венок ритуальный, 110 см. Серия ""Заказной"",  №25";Венки;2800;3440;RUR;https://24-ritual.ru/images/wreath/925.jpg;"Венок ритуальный, 110 см. Серия ""Заказной"",  №25<br>
В комплект входит атласная лента с памятной надписью.<br>
Цвет ленты и надпись- на Ваш выбор.<br>";;"Наличные, Visa/Mastercard, б/н расчет";true;;;;
26;true;true;true;false;https://24-ritual.ru/pages/market/marketOpen.php?id=26;"ООО 24-ritual";"Венок ритуальный, 110 см. Серия ""Заказной"",  №26";Венки;2800;3440;RUR;https://24-ritual.ru/images/wreath/926.jpg;"Венок ритуальный, 110 см. Серия ""Заказной"",  №26<br>
В комплект входит атласная лента с памятной надписью.<br>
Цвет ленты и надпись- на Ваш выбор.<br>";;"Наличные, Visa/Mastercard, б/н расчет";true;;;;
27;true;true;true;false;https://24-ritual.ru/pages/market/marketOpen.php?id=27;"ООО 24-ritual";"Венок ритуальный, 110 см. Серия ""Заказной"",  №27";Венки;2800;3440;RUR;https://24-ritual.ru/images/wreath/927.jpg;"Венок ритуальный, 110 см. Серия ""Заказной"",  №27<br>
В комплект входит атласная лента с памятной надписью.<br>
Цвет ленты и надпись- на Ваш выбор.<br>";;"Наличные, Visa/Mastercard, б/н расчет";true;;;;
28;true;true;true;false;https://24-ritual.ru/pages/market/marketOpen.php?id=28;"ООО 24-ritual";"Венок ритуальный, 110 см. Серия ""Заказной"",  №28";Венки;2800;3440;RUR;https://24-ritual.ru/images/wreath/928.jpg;"Венок ритуальный, 110 см. Серия ""Заказной"",  №28<br>
В комплект входит атласная лента с памятной надписью.<br>
Цвет ленты и надпись- на Ваш выбор.<br>";;"Наличные, Visa/Mastercard, б/н расчет";true;;;;
29;true;true;true;false;https://24-ritual.ru/pages/market/marketOpen.php?id=29;"ООО 24-ritual";"Венок ритуальный, 110 см. Серия ""Заказной"",  №29";Венки;2800;3440;RUR;https://24-ritual.ru/images/wreath/929.jpg;"Венок ритуальный, 110 см. Серия ""Заказной"",  №29<br>
В комплект входит атласная лента с памятной надписью.<br>
Цвет ленты и надпись- на Ваш выбор.<br>";;"Наличные, Visa/Mastercard, б/н расчет";true;;;;
30;true;true;true;false;https://24-ritual.ru/pages/market/marketOpen.php?id=30;"ООО 24-ritual";"Венок ритуальный, 110 см. Серия ""Заказной"",  №30";Венки;2800;3440;RUR;https://24-ritual.ru/images/wreath/930.jpg;"Венок ритуальный, 110 см. Серия ""Заказной"",  №30<br>
В комплект входит атласная лента с памятной надписью.<br>
Цвет ленты и надпись- на Ваш выбор.<br>";;"Наличные, Visa/Mastercard, б/н расчет";true;;;;
31;true;true;true;false;https://24-ritual.ru/pages/market/marketOpen.php?id=31;"ООО 24-ritual";"Венок ритуальный, 110 см. Серия ""Заказной"",  №31";Венки;2800;3440;RUR;https://24-ritual.ru/images/wreath/931.jpg;"Венок ритуальный, 110 см. Серия ""Заказной"",  №31<br>
В комплект входит атласная лента с памятной надписью.<br>
Цвет ленты и надпись- на Ваш выбор.<br>";;"Наличные, Visa/Mastercard, б/н расчет";true;;;;
32;true;true;true;false;https://24-ritual.ru/pages/market/marketOpen.php?id=32;"ООО 24-ritual";"Венок ритуальный, 110 см. Серия ""Заказной"",  №32";Венки;2800;3440;RUR;https://24-ritual.ru/images/wreath/932.jpg;"Венок ритуальный, 110 см. Серия ""Заказной"",  №32<br>
В комплект входит атласная лента с памятной надписью.<br>
Цвет ленты и надпись- на Ваш выбор.<br>";;"Наличные, Visa/Mastercard, б/н расчет";true;;;;
33;true;true;true;false;https://24-ritual.ru/pages/market/marketOpen.php?id=33;"ООО 24-ritual";"Венок ритуальный, 110 см. Серия ""Заказной"",  №33";Венки;2800;3440;RUR;https://24-ritual.ru/images/wreath/933.jpg;"Венок ритуальный, 110 см. Серия ""Заказной"",  №33<br>
В комплект входит атласная лента с памятной надписью.<br>
Цвет ленты и надпись- на Ваш выбор.<br>";;"Наличные, Visa/Mastercard, б/н расчет";true;;;;
34;true;true;true;false;https://24-ritual.ru/pages/market/marketOpen.php?id=34;"ООО 24-ritual";"Крест на могилу, металлический. ""Православный""";"Кресты металлическе";2500;3080;RUR;https://24-ritual.ru/images/cross/501.jpg;"Крест на могилу, металлический. ""Православный"". В цену изделия входит ритуальная табличка с метрикой умершего (ФИО, даты рождения и смерти)";;"Наличные, Visa/Mastercard, б/н расчет";true;;;;
35;true;true;true;false;https://24-ritual.ru/pages/market/marketOpen.php?id=35;"ООО 24-ritual";"Крест на могилу, металлический. ""Золотой""";"Кресты металлическе";2500;3080;RUR;https://24-ritual.ru/images/cross/502.jpg;"Крест на могилу, металлический. ""Золотой"".<br>
В комплект изделия входит ритуальная табличка с метрикой умершего (ФИО, даты рождения и смерти)<br>
Модель и цвет таблички- на Ваш выбор.
";;"Наличные, Visa/Mastercard, б/н расчет";true;;;;
36;true;true;true;false;https://24-ritual.ru/pages/market/marketOpen.php?id=36;"ООО 24-ritual";"Крест на могилу, металлический. ""Стандарт""";"Кресты металлическе";2500;3080;RUR;https://24-ritual.ru/images/cross/503.jpg;"Крест на могилу, металлический. ""Стандарт"".<br>
В комплект изделия входит ритуальная табличка с метрикой умершего (ФИО, даты рождения и смерти)<br>
Модель и цвет таблички- на Ваш выбор.";;"Наличные, Visa/Mastercard, б/н расчет";true;;;;
37;true;true;true;false;https://24-ritual.ru/pages/market/marketOpen.php?id=37;"ООО 24-ritual";"Крест на могилу, металлический. ""Завитушка""";"Кресты металлическе";2500;3080;RUR;https://24-ritual.ru/images/cross/504.jpg;"Крест на могилу, металлический. ""Завитушка"".<br>
В комплект изделия входит ритуальная табличка с метрикой умершего (ФИО, даты рождения и смерти)<br>
Модель и цвет таблички- на Ваш выбор.";;"Наличные, Visa/Mastercard, б/н расчет";true;;;;
38;true;true;true;false;https://24-ritual.ru/pages/market/marketOpen.php?id=38;"ООО 24-ritual";"Крест на могилу, дубовый. ""Вечная память""";"Крест дубовый";7300;8980;RUR;https://24-ritual.ru/images/cross/601.jpg;"Крест на могилу, дубовый. ""Вечная память"".<br>
В комплект изделия входит ритуальная табличка с метрикой умершего (ФИО, даты рождения и смерти)<br>
Модель и цвет таблички- на Ваш выбор.";;"Наличные, Visa/Mastercard, б/н расчет";true;;;;
39;true;true;true;false;https://24-ritual.ru/pages/market/marketOpen.php?id=39;"ООО 24-ritual";"Крест на могилу, дубовый. ""ИНЦЫ"" (темный)";"Крест дубовый";7300;8980;RUR;https://24-ritual.ru/images/cross/602.jpg;"Крест на могилу, дубовый. ""ИНЦЫ"" (темный).<br>
В комплект изделия входит ритуальная табличка с метрикой умершего (ФИО, даты рождения и смерти)<br>
Модель и цвет таблички- на Ваш выбор.";;"Наличные, Visa/Mastercard, б/н расчет";true;;;;
40;true;true;true;false;https://24-ritual.ru/pages/market/marketOpen.php?id=40;"ООО 24-ritual";"Крест на могилу, дубовый. ""ИНЦЫ"" (светлый)";"Крест дубовый";7300;8980;RUR;https://24-ritual.ru/images/cross/603.jpg;"Крест на могилу, дубовый. ""ИНЦЫ"" (светлый).<br>
В комплект изделия входит ритуальная табличка с метрикой умершего (ФИО, даты рождения и смерти)<br>
Модель и цвет таблички- на Ваш выбор.";;"Наличные, Visa/Mastercard, б/н расчет";true;;;;
41;true;true;true;false;https://24-ritual.ru/pages/market/marketOpen.php?id=41;"ООО 24-ritual";"Крест дубовый, ""Трилистник""";"Крест дубовый";7300;8980;RUR;https://24-ritual.ru/images/cross/604.jpg;"Крест дубовый, ""Трилистник"".<br>
В комплект изделия входит ритуальная табличка с метрикой умершего (ФИО, даты рождения и смерти)<br>
Модель и цвет таблички- на Ваш выбор.";;"Наличные, Visa/Mastercard, б/н расчет";true;;;;
42;true;true;true;false;https://24-ritual.ru/pages/market/marketOpen.php?id=42;"ООО 24-ritual";"Крест на могилу, дубовый. ""Резной"" (темный)";"Крест дубовый";7300;8980;RUR;https://24-ritual.ru/images/cross/605.jpg;"Крест на могилу, дубовый. ""Резной"" (темный).<br>
В комплект изделия входит ритуальная табличка с метрикой умершего (ФИО, даты рождения и смерти)<br>
Модель и цвет таблички- на Ваш выбор.";;"Наличные, Visa/Mastercard, б/н расчет";true;;;;
43;true;true;true;false;https://24-ritual.ru/pages/market/marketOpen.php?id=43;"ООО 24-ritual";"Крест на могилу, деревянный (сосна). ""Домик""";"Крест деревянный";3900;4800;RUR;https://24-ritual.ru/images/cross/606.jpg;"Крест на могилу, деревянный (сосна). ""Домик"".<br>
В комплект изделия входит ритуальная табличка с метрикой умершего (ФИО, даты рождения и смерти)<br>
Модель и цвет таблички- на Ваш выбор.";;"Наличные, Visa/Mastercard, б/н расчет";true;;;;
44;true;true;true;false;https://24-ritual.ru/pages/market/marketOpen.php?id=44;"ООО 24-ritual";"Крест на могилу, деревянный (сосна). ""Резной"" (светлый)";"Крест деревянный";3600;4430;RUR;https://24-ritual.ru/images/cross/607.jpg;"Крест сосновый, ""Резной"" (светлый).<br>
В комплект изделия входит ритуальная табличка с метрикой умершего (ФИО, даты рождения и смерти)<br>
Модель и цвет таблички- на Ваш выбор.";;"Наличные, Visa/Mastercard, б/н расчет";true;;;;
45;true;true;true;false;https://24-ritual.ru/pages/market/marketOpen.php?id=45;"ООО 24-ritual";"Крест на могилу, деревянный (сосна). ""Резной"" (темный)";"Крест деревянный";3600;4430;RUR;https://24-ritual.ru/images/cross/608.jpg;"Крест на могилу, деревянный (сосна). ""Резной"" (темный).<br>
В комплект изделия входит ритуальная табличка с метрикой умершего (ФИО, даты рождения и смерти)<br>
Модель и цвет таблички- на Ваш выбор.";;"Наличные, Visa/Mastercard, б/н расчет";true;;;;
46;true;true;true;false;https://24-ritual.ru/pages/market/marketOpen.php?id=46;"ООО 24-ritual";"Крест на могилу, деревянный (сосна). ""Католический"" (темный)";"Крест деревянный";3600;4430;RUR;https://24-ritual.ru/images/cross/609.jpg;"Крест на могилу, деревянный (сосна). ""Католический"" (темный).<br>
В комплект изделия входит ритуальная табличка с метрикой умершего (ФИО, даты рождения и смерти)<br>
Модель и цвет таблички- на Ваш выбор.";;"Наличные, Visa/Mastercard, б/н расчет";true;;;;
47;true;true;true;false;https://24-ritual.ru/pages/market/marketOpen.php?id=47;"ООО 24-ritual";"Крест на могилу, деревянный (сосна).";"Крест деревянный";3600;4430;RUR;https://24-ritual.ru/images/cross/610.jpg;"Крест на могилу, деревянный (сосна).<br>
В комплект изделия входит ритуальная табличка с метрикой умершего (ФИО, даты рождения и смерти)<br>
Модель и цвет таблички- на Ваш выбор.";;"Наличные, Visa/Mastercard, б/н расчет";true;;;;
48;true;true;true;false;https://24-ritual.ru/pages/market/marketOpen.php?id=48;"ООО 24-ritual";"Крест на могилу, деревянный (сосна), простой. (светлый)";"Крест деревянный";3600;4430;RUR;https://24-ritual.ru/images/cross/611.jpg;"Крест на могилу, деревянный (сосна), простой. (светлый).<br>
В комплект изделия входит ритуальная табличка с метрикой умершего (ФИО, даты рождения и смерти)<br>
Модель и цвет таблички- на Ваш выбор.";;"Наличные, Visa/Mastercard, б/н расчет";true;;;;
49;true;true;true;false;https://24-ritual.ru/pages/market/marketOpen.php?id=49;"ООО 24-ritual";"Крест на могилу, деревянный (сосна), простой. (темный)";"Крест деревянный";3600;4430;RUR;https://24-ritual.ru/images/cross/612.jpg;"Крест на могилу, деревянный (сосна), простой. (темный).<br>
В комплект изделия входит ритуальная табличка с метрикой умершего (ФИО, даты рождения и смерти)<br>
Модель и цвет таблички- на Ваш выбор.";;"Наличные, Visa/Mastercard, б/н расчет";true;;;;
50;true;true;true;false;https://24-ritual.ru/pages/market/marketOpen.php?id=50;"ООО 24-ritual";"Крест на могилу, дубовый. Большой,  230см";"Крест дубовый";7300;8980;RUR;https://24-ritual.ru/images/cross/613.jpg;"Крест на могилу, дубовый. Большой,  230см<br>
В комплект изделия входит ритуальная табличка с метрикой умершего (ФИО, даты рождения и смерти)<br>
Модель и цвет таблички- на Ваш выбор.";;"Наличные, Visa/Mastercard, б/н расчет";true;;;;
51;true;true;true;false;https://24-ritual.ru/pages/market/marketOpen.php?id=51;"ООО 24-ritual";"Гроб Б4, полированный.";"Гробы полированые";19300;23740;RUR;https://24-ritual.ru/images/coffin/105.jpg;"Гроб Б4, деревянный, полированный.<br>
Комплектация гроба в себя включает:<br>
- Подушка, атлас.<br>
- Покрывало атласное с ритуальной символикой/без символики.<br>
- Тапочки атласные.<br>
- Ритуальная символика на крышку гроба (по желанию).<br>
- Постель в гроб, атлас ""Спандекс"".<br>
- Ручки, 4 шт.<br>
- Закрутки, 2 шт.<br>";;"Наличные, Visa/Mastercard, б/н расчет";true;;;;
52;true;true;true;false;https://24-ritual.ru/pages/market/marketOpen.php?id=52;"ООО 24-ritual";"Табличка ритуальная, черная.";Принадлежности;900;1110;RUR;https://24-ritual.ru/images/accessories/nameplate/1003.jpg;"Табличка на крест черная, с золотыми буквами.";;"Наличные, Visa/Mastercard, б/н расчет";true;;;;
53;true;true;true;false;https://24-ritual.ru/pages/market/marketOpen.php?id=53;"ООО 24-ritual";"Табличка ритуальная, золотая.";Принадлежности;900;1110;RUR;https://24-ritual.ru/images/accessories/nameplate/1002.jpg;"Табличка на крест золотая, с черными буквами.";;"Наличные, Visa/Mastercard, б/н расчет";true;;;;
54;true;true;true;false;https://24-ritual.ru/pages/market/marketOpen.php?id=54;"ООО 24-ritual";"Табличка ритуальная, мусульманская.";Принадлежности;900;1110;RUR;https://24-ritual.ru/images/accessories/nameplate/1004.jpg;"Табличка мусульманская зеленая, с золотыми буквами.";;"Наличные, Visa/Mastercard, б/н расчет";true;;;;
55;true;true;true;false;https://24-ritual.ru/pages/market/marketOpen.php?id=55;"ООО 24-ritual";"Одежда для похорон.<br>Набор женский, бежевый (платье+платок)";"Одежда для похорон женщины";3500;4300;RUR;https://24-ritual.ru/images/textile/1111.jpg;"В комплект женской ритуальной одехды входит:<br>
-Платье для похорон, бежевое<br>
-Платок на голову, бежевый<br>
-Нательное белье (ночная рубашка, трусы)<br>
-Чулки<br>
-Носовой платок<br>";;"Наличные, Visa/Mastercard, б/н расчет";true;;;;
56;true;true;true;false;https://24-ritual.ru/pages/market/marketOpen.php?id=56;"ООО 24-ritual";"Одежда для похорон.<br>Набор женский, бордовый (платье+платок)";"Одежда для похорон женщины";3500;4300;RUR;https://24-ritual.ru/images/textile/1112.jpg;"В комплект женской ритуальной одехды входит:<br>
-Платье для похорон, бордовое<br>
-Платок на голову, бордовый<br>
-Нательное белье (ночная рубашка, трусы)<br>
-Чулки<br>
-Носовой платок<br>";;"Наличные, Visa/Mastercard, б/н расчет";true;;;;
57;true;true;true;false;https://24-ritual.ru/pages/market/marketOpen.php?id=57;"ООО 24-ritual";"Одежда для похорон.<br>Набор женский, голубой (платье+платок)";"Одежда для похорон женщины";3500;4300;RUR;https://24-ritual.ru/images/textile/1113.jpg;"В комплект женской ритуальной одехды входит:<br>
-Платье для похорон, голубое<br>
-Платок на голову, голубой<br>
-Нательное белье (ночная рубашка, трусы)<br>
-Чулки<br>
-Носовой платок<br>";;"Наличные, Visa/Mastercard, б/н расчет";true;;;;
58;true;true;true;false;https://24-ritual.ru/pages/market/marketOpen.php?id=58;"ООО 24-ritual";"Одежда для похорон.<br>Набор женский, сиреневый (платье+платок)";"Одежда для похорон женщины";3500;4300;RUR;https://24-ritual.ru/images/textile/1114.jpg;"В комплект женской ритуальной одехды входит:<br>
-Платье для похорон, сиреневое<br>
-Платок на голову, сиреневый<br>
-Нательное белье (ночная рубашка, трусы)<br>
-Чулки<br>
-Носовой платок<br>";;"Наличные, Visa/Mastercard, б/н расчет";true;;;;
59;true;true;true;false;https://24-ritual.ru/pages/market/marketOpen.php?id=59;"ООО 24-ritual";"Одежда для похорон.<br>Набор женский, светло-зеленый (платье+платок)";"Одежда для похорон женщины";3500;4300;RUR;https://24-ritual.ru/images/textile/1115.jpg;"В комплект женской ритуальной одехды входит:<br>
-Платье для похорон, светло-зеленое<br>
-Платок на голову, светло-зеленый<br>
-Нательное белье (ночная рубашка, трусы)<br>
-Чулки<br>
-Носовой платок<br>";;"Наличные, Visa/Mastercard, б/н расчет";true;;;;
60;true;true;true;false;https://24-ritual.ru/pages/market/marketOpen.php?id=60;"ООО 24-ritual";"Одежда для похорон.<br>Набор женский, синий (платье+платок)";"Одежда для похорон женщины";3500;4300;RUR;https://24-ritual.ru/images/textile/1116.jpg;"В комплект женской ритуальной одехды входит:<br>
-Платье для похорон, синее<br>
-Платок на голову, синий<br>
-Нательное белье (ночная рубашка, трусы)<br>
-Чулки<br>
-Носовой платок<br>";;"Наличные, Visa/Mastercard, б/н расчет";true;;;;
61;true;true;true;false;https://24-ritual.ru/pages/market/marketOpen.php?id=61;"ООО 24-ritual";"Одежда для похорон.<br>Набор мужской";"Одежда для похорон мужчины";3500;4300;RUR;https://24-ritual.ru/images/textile/1101.jpg;"В комплект мужской ритуальной одехды входит:<br>
-Костюм для похорон (пиджак, галстук, брюки)<br>
-Рубашка<br>
-Нательное белье (майка, трусы)<br>
-Носки<br>
-Носовой платок<br>";;"Наличные, Visa/Mastercard, б/н расчет";true;;;;
62;true;true;true;false;https://24-ritual.ru/pages/market/marketOpen.php?id=62;"ООО 24-ritual";"Гроб Гладь";Гробы;5000;6150;RUR;https://24-ritual.ru/images/coffin/125.jpg;"Гроб Гладь, деревянный, обитый шелковой тканью.<br>
Комплектация гроба в себя включает:<br>
- Подушка. шелк<br>
- Покрывало.<br>
- Ритуальная символика на крышку гроба (по желанию).<br>
- Постель в гроб, шелк.<br>
- Закрутки, 2 шт.<br>";;"Наличные, Visa/Mastercard, б/н расчет";true;;;;
63;true;true;true;false;https://24-ritual.ru/pages/market/marketOpen.php?id=63;"ООО 24-ritual";"Гроб Гофре";"Гробы, атлас";11000;13530;RUR;https://24-ritual.ru/images/coffin/108.jpg;"Гроб Гофре, деревянный, обитый атласной тканью.<br>
Комплектация гроба в себя включает:<br>
- Подушка, атлас.<br>
- Покрывало атласное с ритуальной символикой/без символики.<br>
- Тапочки атласные.<br>
- Ритуальная символика на крышку гроба (по желанию).<br>
- Постель в гроб, атлас ""Спандекс"".<br>
- Ручки, 4 шт.<br>
- Закрутки, 2 шт.<br>";;"Наличные, Visa/Mastercard, б/н расчет";true;;;;
64;true;true;true;false;https://24-ritual.ru/pages/market/marketOpen.php?id=64;"ООО 24-ritual";"Гроб Продольный";"Гробы, атлас";11000;13530;RUR;https://24-ritual.ru/images/coffin/111.jpg;"Гроб Продольный, деревянный, обитый атласной тканью.<br>
Комплектация гроба в себя включает:<br>
- Подушка, атлас.<br>
- Покрывало атласное с ритуальной символикой/без символики.<br>
- Тапочки атласные.<br>
- Ритуальная символика на крышку гроба (по желанию).<br>
- Постель в гроб, атлас ""Спандекс"".<br>
- Ручки, 4 шт.<br>
- Закрутки, 2 шт.<br>";;"Наличные, Visa/Mastercard, б/н расчет";true;;;;
66;true;true;true;false;https://24-ritual.ru/pages/market/marketOpen.php?id=66;"ООО 24-ritual";"Гроб  Комбинированный";"Гробы полированые";17000;20910;RUR;https://24-ritual.ru/images/coffin/116.jpg;"Гроб Комбинированный, деревянный, полированный, с вставками из атласной ткани.<br>
Комплектация гроба в себя включает:<br>
- Подушка, атлас.<br>
- Покрывало атласное с ритуальной символикой/без символики.<br>
- Тапочки атласные.<br>
- Ритуальная символика на крышку гроба (по желанию).<br>
- Постель в гроб, атлас ""Спандекс"".<br>
- Ручки, 4 шт.<br>
- Закрутки, 2 шт.<br>";;"Наличные, Visa/Mastercard, б/н расчет";true;;;;
65;true;true;true;false;https://24-ritual.ru/pages/market/marketOpen.php?id=65;"ООО 24-ritual";"Гроб Траур";"Гробы, атлас";11000;13530;RUR;https://24-ritual.ru/images/coffin/126.jpg;"Гроб Траур, деревянный, обитый атласной тканью.<br>
Комплектация гроба в себя включает:<br>
- Подушка, атлас.<br>
- Покрывало атласное с ритуальной символикой/без символики.<br>
- Тапочки атласные.<br>
- Ритуальная символика на крышку гроба (по желанию).<br>
- Постель в гроб, атлас ""Спандекс"".<br>
- Ручки, 4 шт.<br>
- Закрутки, 2 шт.<br>";;"Наличные, Visa/Mastercard, б/н расчет";true;;;;
67;true;true;true;false;https://24-ritual.ru/pages/market/marketOpen.php?id=67;"ООО 24-ritual";"Гроб Б-6, лакированный";"Гробы полированые";25000;30750;RUR;https://24-ritual.ru/images/coffin/123.jpg;"Гроб Б-6, деревянный, полированный.<br>
Комплектация гроба в себя включает:<br>
- Подушка, атлас.<br>
- Покрывало атласное с ритуальной символикой/без символики.<br>
- Тапочки атласные.<br>
- Ритуальная символика на крышку гроба (по желанию).<br>
- Постель в гроб, атлас ""Спандекс"".<br>
- Ручки, 4 шт.<br>
- Закрутки, 2 шт.<br>";;"Наличные, Visa/Mastercard, б/н расчет";true;;;;
68;true;true;true;false;https://24-ritual.ru/pages/market/marketOpen.php?id=68;"ООО 24-ritual";"Гроб цинковый";Гробы;10000;12300;RUR;https://24-ritual.ru/images/coffin/127.jpg;"Гроб цинковый<br>
В стоимость товара входит акт о не вложении.";;"Наличные, Visa/Mastercard, б/н расчет";true;;;;
69;true;true;true;false;https://24-ritual.ru/pages/market/marketOpen.php?id=69;"ООО 24-ritual";"Корзина ритуальная, элитная №1";"Корзина ритуальная";5500;6760;RUR;https://24-ritual.ru/images/wreath/91001.jpg;"Корзина ритуальная, элитная №1<br>
В комплект входит атласная лента с памятной надписью.<br>
Цвет ленты и надпись- на Ваш выбор.<br>";;"Наличные, Visa/Mastercard, б/н расчет";true;;;;
70;true;true;true;false;https://24-ritual.ru/pages/market/marketOpen.php?id=70;"ООО 24-ritual";"Корзина ритуальная, элитная №2";"Корзина ритуальная";5500;6760;RUR;https://24-ritual.ru/images/wreath/91002.jpg;"Корзина ритуальная, элитная №2<br>
В комплект входит атласная лента с памятной надписью.<br>
Цвет ленты и надпись- на Ваш выбор.<br>";;"Наличные, Visa/Mastercard, б/н расчет";true;;;;
71;true;true;true;false;https://24-ritual.ru/pages/market/marketOpen.php?id=71;"ООО 24-ritual";"Корзина ритуальная, элитная №3";"Корзина ритуальная";5500;6760;RUR;https://24-ritual.ru/images/wreath/91003.jpg;"Корзина ритуальная, элитная №3<br>
В комплект входит атласная лента с памятной надписью.<br>
Цвет ленты и надпись- на Ваш выбор.<br>";;"Наличные, Visa/Mastercard, б/н расчет";true;;;;
72;true;true;true;false;https://24-ritual.ru/pages/market/marketOpen.php?id=72;"ООО 24-ritual";"Гирлянда ритуальная, элитная №1";"Гирлянда ритуальная";2000;2460;RUR;https://24-ritual.ru/images/wreath/92001.jpg;"Гирлянда ритуальная, элитная №1";;"Наличные, Visa/Mastercard, б/н расчет";true;;;;
73;true;true;true;false;https://24-ritual.ru/pages/market/marketOpen.php?id=73;"ООО 24-ritual";"Гирлянда ритуальная, элитная №2";"Гирлянда ритуальная";2000;2460;RUR;https://24-ritual.ru/images/wreath/92002.jpg;"Гирлянда ритуальная, элитная №2";;"Наличные, Visa/Mastercard, б/н расчет";true;;;;
74;true;true;true;false;https://24-ritual.ru/pages/market/marketOpen.php?id=74;"ООО 24-ritual";"Гирлянда ритуальная, элитная №3";"Гирлянда ритуальная";2000;2460;RUR;https://24-ritual.ru/images/wreath/92003.jpg;"Гирлянда ритуальная, элитная №3";;"Наличные, Visa/Mastercard, б/н расчет";true;;;;
75;true;true;true;false;https://24-ritual.ru/pages/market/marketOpen.php?id=75;"ООО 24-ritual";"Гирлянда ритуальная, элитная №4";"Гирлянда ритуальная";2000;2460;RUR;https://24-ritual.ru/images/wreath/92004.jpg;"Гирлянда ритуальная, элитная №4";;"Наличные, Visa/Mastercard, б/н расчет";true;;;;
76;true;true;true;false;https://24-ritual.ru/pages/market/marketOpen.php?id=76;"ООО 24-ritual";"Венок ритуальный, 110 см. Серия ""Элит"",  №1";"Венки элитные";3800;4670;RUR;https://24-ritual.ru/images/wreath/93001.jpg;"Венок ритуальный, 110 см. Серия ""Элит"",  №1<br>
В комплект входит атласная лента с памятной надписью.<br>
Цвет ленты и надпись- на Ваш выбор.<br>";;"Наличные, Visa/Mastercard, б/н расчет";true;;;;
77;true;true;true;false;https://24-ritual.ru/pages/market/marketOpen.php?id=77;"ООО 24-ritual";"Венок ритуальный, 110 см. Серия ""Элит"",  №2";"Венки элитные";3800;4670;RUR;https://24-ritual.ru/images/wreath/93002.jpg;"Венок ритуальный, 110 см. Серия ""Элит"",  №1<br>
В комплект входит атласная лента с памятной надписью.<br>
Цвет ленты и надпись- на Ваш выбор.<br>";;"Наличные, Visa/Mastercard, б/н расчет";true;;;;
78;true;true;true;false;https://24-ritual.ru/pages/market/marketOpen.php?id=78;"ООО 24-ritual";"Венок ритуальный, 110 см. Серия ""Элит"",  №3";"Венки элитные";3800;4670;RUR;https://24-ritual.ru/images/wreath/93003.jpg;"Венок ритуальный, 110 см. Серия ""Элит"",  №1<br>
В комплект входит атласная лента с памятной надписью.<br>
Цвет ленты и надпись- на Ваш выбор.<br>";;"Наличные, Visa/Mastercard, б/н расчет";true;;;;
79;true;true;true;false;https://24-ritual.ru/pages/market/marketOpen.php?id=79;"ООО 24-ritual";"Венок ритуальный, 110 см. Серия ""Элит"",  №4";"Венки элитные";3800;4670;RUR;https://24-ritual.ru/images/wreath/93004.jpg;"Венок ритуальный, 110 см. Серия ""Элит"",  №1<br>
В комплект входит атласная лента с памятной надписью.<br>
Цвет ленты и надпись- на Ваш выбор.<br>";;"Наличные, Visa/Mastercard, б/н расчет";true;;;;
80;true;true;true;false;https://24-ritual.ru/pages/market/marketOpen.php?id=80;"ООО 24-ritual";"Венок ритуальный, 110 см. Серия ""Элит"",  №5";"Венки элитные";3800;4670;RUR;https://24-ritual.ru/images/wreath/93005.jpg;"Венок ритуальный, 110 см. Серия ""Элит"",  №1<br>
В комплект входит атласная лента с памятной надписью.<br>
Цвет ленты и надпись- на Ваш выбор.<br>";;"Наличные, Visa/Mastercard, б/н расчет";true;;;;
81;true;true;true;false;https://24-ritual.ru/pages/market/marketOpen.php?id=81;"ООО 24-ritual";"Венок ритуальный, 110 см. Серия ""Элит"",  №6";"Венки элитные";3800;4670;RUR;https://24-ritual.ru/images/wreath/93006.jpg;"Венок ритуальный, 110 см. Серия ""Элит"",  №1<br>
В комплект входит атласная лента с памятной надписью.<br>
Цвет ленты и надпись- на Ваш выбор.<br>";;"Наличные, Visa/Mastercard, б/н расчет";true;;;;
82;true;true;true;false;https://24-ritual.ru/pages/market/marketOpen.php?id=82;"ООО 24-ritual";"Венок ритуальный, 110 см. Серия ""Элит"",  №7";"Венки элитные";3800;4670;RUR;https://24-ritual.ru/images/wreath/93007.jpg;"Венок ритуальный, 110 см. Серия ""Элит"",  №1<br>
В комплект входит атласная лента с памятной надписью.<br>
Цвет ленты и надпись- на Ваш выбор.<br>";;"Наличные, Visa/Mastercard, б/н расчет";true;;;;
83;true;true;true;false;https://24-ritual.ru/pages/market/marketOpen.php?id=83;"ООО 24-ritual";"Венок ритуальный, 110 см. Серия ""Элит"",  №8";"Венки элитные";3800;4670;RUR;https://24-ritual.ru/images/wreath/93008.jpg;"Венок ритуальный, 110 см. Серия ""Элит"",  №1<br>
В комплект входит атласная лента с памятной надписью.<br>
Цвет ленты и надпись- на Ваш выбор.<br>";;"Наличные, Visa/Mastercard, б/н расчет";true;;;;
84;true;true;true;false;https://24-ritual.ru/pages/market/marketOpen.php?id=84;"ООО 24-ritual";"Венок ритуальный, 110 см. Серия ""Элит"",  №9";"Венки элитные";3800;4670;RUR;https://24-ritual.ru/images/wreath/93031.jpg;"Венок ритуальный, 110 см. Серия ""Элит"",  №1<br>
В комплект входит атласная лента с памятной надписью.<br>
Цвет ленты и надпись- на Ваш выбор.<br>";;"Наличные, Visa/Mastercard, б/н расчет";true;;;;
85;true;true;true;false;https://24-ritual.ru/pages/market/marketOpen.php?id=85;"ООО 24-ritual";"Венок ритуальный, 110 см. Серия ""Элит"",  №10";"Венки элитные";3800;4670;RUR;https://24-ritual.ru/images/wreath/93033.jpg;"Венок ритуальный, 110 см. Серия ""Элит"",  №1<br>
В комплект входит атласная лента с памятной надписью.<br>
Цвет ленты и надпись- на Ваш выбор.<br>";;"Наличные, Visa/Mastercard, б/н расчет";true;;;;
86;true;true;true;false;https://24-ritual.ru/pages/market/marketOpen.php?id=86;"ООО 24-ritual";"Венок ритуальный, 110 см. Серия ""Элит"",  №11";"Венки элитные";3800;4670;RUR;https://24-ritual.ru/images/wreath/93034.jpg;"Венок ритуальный, 110 см. Серия ""Элит"",  №1<br>
В комплект входит атласная лента с памятной надписью.<br>
Цвет ленты и надпись- на Ваш выбор.<br>";;"Наличные, Visa/Mastercard, б/н расчет";true;;;;
87;true;true;true;false;https://24-ritual.ru/pages/market/marketOpen.php?id=87;"ООО 24-ritual";"Венок ритуальный, 110 см. Серия ""Элит"",  №12";"Венки элитные";3800;4670;RUR;https://24-ritual.ru/images/wreath/93036.jpg;"Венок ритуальный, 110 см. Серия ""Элит"",  №1<br>
В комплект входит атласная лента с памятной надписью.<br>
Цвет ленты и надпись- на Ваш выбор.<br>";;"Наличные, Visa/Mastercard, б/н расчет";true;;;;
88;true;true;true;false;https://24-ritual.ru/pages/market/marketOpen.php?id=88;"ООО 24-ritual";"Венок ритуальный, 110 см. Серия ""Элит"",  №13";"Венки элитные";3800;4670;RUR;https://24-ritual.ru/images/wreath/93038.jpg;"Венок ритуальный, 110 см. Серия ""Элит"",  №1<br>
В комплект входит атласная лента с памятной надписью.<br>
Цвет ленты и надпись- на Ваш выбор.<br>";;"Наличные, Visa/Mastercard, б/н расчет";true;;;;
89;true;true;true;false;https://24-ritual.ru/pages/market/marketOpen.php?id=89;"ООО 24-ritual";"Венок ритуальный, 110 см. Серия ""Элит"",  №14";"Венки элитные";3800;4670;RUR;https://24-ritual.ru/images/wreath/93039.jpg;"Венок ритуальный, 110 см. Серия ""Элит"",  №1<br>
В комплект входит атласная лента с памятной надписью.<br>
Цвет ленты и надпись- на Ваш выбор.<br>";;"Наличные, Visa/Mastercard, б/н расчет";true;;;;
90;true;true;true;false;https://24-ritual.ru/pages/market/marketOpen.php?id=90;"ООО 24-ritual";"Венок ритуальный, 110 см. Серия ""Элит"",  №15";"Венки элитные";3800;4670;RUR;https://24-ritual.ru/images/wreath/93041.jpg;"Венок ритуальный, 110 см. Серия ""Элит"",  №1<br>
В комплект входит атласная лента с памятной надписью.<br>
Цвет ленты и надпись- на Ваш выбор.<br>";;"Наличные, Visa/Mastercard, б/н расчет";true;;;;
91;true;true;true;false;https://24-ritual.ru/pages/market/marketOpen.php?id=91;"ООО 24-ritual";"Гроб Бант";"Гробы, атлас";11000;13530;RUR;https://24-ritual.ru/images/coffin/128.jpg;"Гроб Бант, деревянный, обитый атласной тканью.<br>
Комплектация гроба в себя включает:<br>
- Подушка, атлас.<br>
- Покрывало атласное с ритуальной символикой/без символики.<br>
- Тапочки атласные.<br>
- Ритуальная символика на крышку гроба (по желанию).<br>
- Постель в гроб, атлас ""Спандекс"".<br>
- Ручки, 4 шт.<br>
- Закрутки, 2 шт.<br>";;"Наличные, Visa/Mastercard, б/н расчет";true;;;;
92;true;true;true;false;https://24-ritual.ru/pages/market/marketOpen.php?id=92;"ООО 24-ritual";"Гроб Бант";"Гробы, атлас";11000;13530;RUR;https://24-ritual.ru/images/coffin/129.jpg;"Гроб Бант, деревянный, обитый атласной тканью.<br>
Комплектация гроба в себя включает:<br>
- Подушка, атлас.<br>
- Покрывало атласное с ритуальной символикой/без символики.<br>
- Тапочки атласные.<br>
- Ритуальная символика на крышку гроба (по желанию).<br>
- Постель в гроб, атлас ""Спандекс"".<br>
- Ручки, 4 шт.<br>
- Закрутки, 2 шт.<br>";;"Наличные, Visa/Mastercard, б/н расчет";true;;;;
93;true;true;true;false;https://24-ritual.ru/pages/market/marketOpen.php?id=93;"ООО 24-ritual";"Гроб Бант";"Гробы, атлас";11000;13530;RUR;https://24-ritual.ru/images/coffin/130.jpg;"Гроб Бант, деревянный, обитый атласной тканью.<br>
Комплектация гроба в себя включает:<br>
- Подушка, атлас.<br>
- Покрывало атласное с ритуальной символикой/без символики.<br>
- Тапочки атласные.<br>
- Ритуальная символика на крышку гроба (по желанию).<br>
- Постель в гроб, атлас ""Спандекс"".<br>
- Ручки, 4 шт.<br>
- Закрутки, 2 шт.<br>";;"Наличные, Visa/Mastercard, б/н расчет";true;;;;
94;true;true;true;false;https://24-ritual.ru/pages/market/marketOpen.php?id=94;"ООО 24-ritual";"Гроб Бант";"Гробы, атлас";11000;13530;RUR;https://24-ritual.ru/images/coffin/131.jpg;"Гроб Бант, деревянный, обитый атласной тканью.<br>
Комплектация гроба в себя включает:<br>
- Подушка, атлас.<br>
- Покрывало атласное с ритуальной символикой/без символики.<br>
- Тапочки атласные.<br>
- Ритуальная символика на крышку гроба (по желанию).<br>
- Постель в гроб, атлас ""Спандекс"".<br>
- Ручки, 4 шт.<br>
- Закрутки, 2 шт.<br>";;"Наличные, Visa/Mastercard, б/н расчет";true;;;;
95;true;true;true;false;https://24-ritual.ru/pages/market/marketOpen.php?id=95;"ООО 24-ritual";"Гроб Бант";"Гробы, атлас";11000;13530;RUR;https://24-ritual.ru/images/coffin/132.jpg;"Гроб Бант, деревянный, обитый атласной тканью.<br>
Комплектация гроба в себя включает:<br>
- Подушка, атлас.<br>
- Покрывало атласное с ритуальной символикой/без символики.<br>
- Тапочки атласные.<br>
- Ритуальная символика на крышку гроба (по желанию).<br>
- Постель в гроб, атлас ""Спандекс"".<br>
- Ручки, 4 шт.<br>
- Закрутки, 2 шт.<br>";;"Наличные, Visa/Mastercard, б/н расчет";true;;;;
96;true;true;true;false;https://24-ritual.ru/pages/market/marketOpen.php?id=96;"ООО 24-ritual";"Гроб Бант";"Гробы, атлас";11000;13530;RUR;https://24-ritual.ru/images/coffin/133.jpg;"Гроб Бант, деревянный, обитый атласной тканью.<br>
Комплектация гроба в себя включает:<br>
- Подушка, атлас.<br>
- Покрывало атласное с ритуальной символикой/без символики.<br>
- Тапочки атласные.<br>
- Ритуальная символика на крышку гроба (по желанию).<br>
- Постель в гроб, атлас ""Спандекс"".<br>
- Ручки, 4 шт.<br>
- Закрутки, 2 шт.<br>";;"Наличные, Visa/Mastercard, б/н расчет";true;;;;
97;true;true;true;false;https://24-ritual.ru/pages/market/marketOpen.php?id=97;"ООО 24-ritual";"Гроб Бант";"Гробы, атлас";11000;13530;RUR;https://24-ritual.ru/images/coffin/134.jpg;"Гроб Бант, деревянный, обитый атласной тканью.<br>
Комплектация гроба в себя включает:<br>
- Подушка, атлас.<br>
- Покрывало атласное с ритуальной символикой/без символики.<br>
- Тапочки атласные.<br>
- Ритуальная символика на крышку гроба (по желанию).<br>
- Постель в гроб, атлас ""Спандекс"".<br>
- Ручки, 4 шт.<br>
- Закрутки, 2 шт.<br>";;"Наличные, Visa/Mastercard, б/н расчет";true;;;;
98;true;true;true;false;https://24-ritual.ru/pages/market/marketOpen.php?id=98;"ООО 24-ritual";"Гроб Гофре";"Гробы, атлас";11000;13530;RUR;https://24-ritual.ru/images/coffin/135.jpg;"Гроб Гофре, деревянный, обитый атласной тканью.<br>
Комплектация гроба в себя включает:<br>
- Подушка, атлас.<br>
- Покрывало атласное с ритуальной символикой/без символики.<br>
- Тапочки атласные.<br>
- Ритуальная символика на крышку гроба (по желанию).<br>
- Постель в гроб, атлас ""Спандекс"".<br>
- Ручки, 4 шт.<br>
- Закрутки, 2 шт.<br>";;"Наличные, Visa/Mastercard, б/н расчет";true;;;;
99;true;true;true;false;https://24-ritual.ru/pages/market/marketOpen.php?id=99;"ООО 24-ritual";"Гроб Гофре";"Гробы, атлас";11000;13530;RUR;https://24-ritual.ru/images/coffin/136.jpg;"Гроб Гофре, деревянный, обитый атласной тканью.<br>
Комплектация гроба в себя включает:<br>
- Подушка, атлас.<br>
- Покрывало атласное с ритуальной символикой/без символики.<br>
- Тапочки атласные.<br>
- Ритуальная символика на крышку гроба (по желанию).<br>
- Постель в гроб, атлас ""Спандекс"".<br>
- Ручки, 4 шт.<br>
- Закрутки, 2 шт.<br>";;"Наличные, Visa/Mastercard, б/н расчет";true;;;;
100;true;true;true;false;https://24-ritual.ru/pages/market/marketOpen.php?id=100;"ООО 24-ritual";"Гроб Гофре";"Гробы, атлас";11000;13530;RUR;https://24-ritual.ru/images/coffin/139.jpg;"Гроб Гофре, деревянный, обитый атласной тканью.<br>
Комплектация гроба в себя включает:<br>
- Подушка, атлас.<br>
- Покрывало атласное с ритуальной символикой/без символики.<br>
- Тапочки атласные.<br>
- Ритуальная символика на крышку гроба (по желанию).<br>
- Постель в гроб, атлас ""Спандекс"".<br>
- Ручки, 4 шт.<br>
- Закрутки, 2 шт.<br>";;"Наличные, Visa/Mastercard, б/н расчет";true;;;;
101;true;true;true;false;https://24-ritual.ru/pages/market/marketOpen.php?id=101;"ООО 24-ritual";"Гроб Елка";"Гробы, атлас";11000;13530;RUR;https://24-ritual.ru/images/coffin/140.jpg;"Гроб Елка, деревянный, обитый атласной тканью.<br>
Комплектация гроба в себя включает:<br>
- Подушка, атлас.<br>
- Покрывало атласное с ритуальной символикой/без символики.<br>
- Тапочки атласные.<br>
- Ритуальная символика на крышку гроба (по желанию).<br>
- Постель в гроб, атлас ""Спандекс"".<br>
- Ручки, 4 шт.<br>
- Закрутки, 2 шт.<br>";;"Наличные, Visa/Mastercard, б/н расчет";true;;;;
102;true;true;true;false;https://24-ritual.ru/pages/market/marketOpen.php?id=102;"ООО 24-ritual";"Гроб Крест";"Гробы, атлас";11000;13530;RUR;https://24-ritual.ru/images/coffin/141.jpg;"Гроб Крест, деревянный, обитый атласной тканью.<br>
Комплектация гроба в себя включает:<br>
- Подушка, атлас.<br>
- Покрывало атласное с ритуальной символикой/без символики.<br>
- Тапочки атласные.<br>
- Ритуальная символика на крышку гроба (по желанию).<br>
- Постель в гроб, атлас ""Спандекс"".<br>
- Ручки, 4 шт.<br>
- Закрутки, 2 шт.<br>";;"Наличные, Visa/Mastercard, б/н расчет";true;;;;
103;true;true;true;false;https://24-ritual.ru/pages/market/marketOpen.php?id=103;"ООО 24-ritual";"Гроб Луч";"Гробы, атлас";11000;13530;RUR;https://24-ritual.ru/images/coffin/142.jpg;"Гроб Луч, деревянный, обитый атласной тканью.<br>
Комплектация гроба в себя включает:<br>
- Подушка, атлас.<br>
- Покрывало атласное с ритуальной символикой/без символики.<br>
- Тапочки атласные.<br>
- Ритуальная символика на крышку гроба (по желанию).<br>
- Постель в гроб, атлас ""Спандекс"".<br>
- Ручки, 4 шт.<br>
- Закрутки, 2 шт.<br>";;"Наличные, Visa/Mastercard, б/н расчет";true;;;;
104;true;true;true;false;https://24-ritual.ru/pages/market/marketOpen.php?id=104;"ООО 24-ritual";"Гроб Луч";"Гробы, атлас";11000;13530;RUR;https://24-ritual.ru/images/coffin/143.jpg;"Гроб Луч, деревянный, обитый атласной тканью.<br>
Комплектация гроба в себя включает:<br>
- Подушка, атлас.<br>
- Покрывало атласное с ритуальной символикой/без символики.<br>
- Тапочки атласные.<br>
- Ритуальная символика на крышку гроба (по желанию).<br>
- Постель в гроб, атлас ""Спандекс"".<br>
- Ручки, 4 шт.<br>
- Закрутки, 2 шт.<br>";;"Наличные, Visa/Mastercard, б/н расчет";true;;;;
105;true;true;true;false;https://24-ritual.ru/pages/market/marketOpen.php?id=105;"ООО 24-ritual";"Гроб Луч";"Гробы, атлас";11000;13530;RUR;https://24-ritual.ru/images/coffin/144.jpg;"Гроб Луч, деревянный, обитый атласной тканью.<br>
Комплектация гроба в себя включает:<br>
- Подушка, атлас.<br>
- Покрывало атласное с ритуальной символикой/без символики.<br>
- Тапочки атласные.<br>
- Ритуальная символика на крышку гроба (по желанию).<br>
- Постель в гроб, атлас ""Спандекс"".<br>
- Ручки, 4 шт.<br>
- Закрутки, 2 шт.<br>";;"Наличные, Visa/Mastercard, б/н расчет";true;;;;
106;true;true;true;false;https://24-ritual.ru/pages/market/marketOpen.php?id=106;"ООО 24-ritual";"Гроб Мусульманский";"Гробы, атлас";11000;13530;RUR;https://24-ritual.ru/images/coffin/145.jpg;"Гроб Мусульманский, деревянный, обитый атласной тканью.<br>
Комплектация гроба в себя включает:<br>
- Подушка, атлас.<br>
- Покрывало атласное с ритуальной символикой/без символики.<br>
- Тапочки атласные.<br>
- Ритуальная символика на крышку гроба (по желанию).<br>
- Постель в гроб, атлас ""Спандекс"".<br>
- Закрутки, 2 шт.<br>";;"Наличные, Visa/Mastercard, б/н расчет";true;;;;
107;true;true;true;false;https://24-ritual.ru/pages/market/marketOpen.php?id=107;"ООО 24-ritual";"Гроб Наполеон";"Гробы, атлас";11000;13530;RUR;https://24-ritual.ru/images/coffin/146.jpg;"Гроб Наполеон, деревянный, обитый атласной тканью.<br>
Комплектация гроба в себя включает:<br>
- Подушка, атлас.<br>
- Покрывало атласное с ритуальной символикой/без символики.<br>
- Тапочки атласные.<br>
- Ритуальная символика на крышку гроба (по желанию).<br>
- Постель в гроб, атлас ""Спандекс"".<br>
- Ручки, 4 шт.<br>
- Закрутки, 2 шт.<br>";;"Наличные, Visa/Mastercard, б/н расчет";true;;;;
108;true;true;true;false;https://24-ritual.ru/pages/market/marketOpen.php?id=108;"ООО 24-ritual";"Гроб Наполеон";"Гробы, атлас";11000;13530;RUR;https://24-ritual.ru/images/coffin/147.jpg;"Гроб Наполеон, деревянный, обитый атласной тканью.<br>
Комплектация гроба в себя включает:<br>
- Подушка, атлас.<br>
- Покрывало атласное с ритуальной символикой/без символики.<br>
- Тапочки атласные.<br>
- Ритуальная символика на крышку гроба (по желанию).<br>
- Постель в гроб, атлас ""Спандекс"".<br>
- Ручки, 4 шт.<br>
- Закрутки, 2 шт.<br>";;"Наличные, Visa/Mastercard, б/н расчет";true;;;;
109;true;true;true;false;https://24-ritual.ru/pages/market/marketOpen.php?id=109;"ООО 24-ritual";"Гроб Полугофре";"Гробы, атлас";11000;13530;RUR;https://24-ritual.ru/images/coffin/148.jpg;"Гроб Полугофре, деревянный, обитый атласной тканью.<br>
Комплектация гроба в себя включает:<br>
- Подушка, атлас.<br>
- Покрывало атласное с ритуальной символикой/без символики.<br>
- Тапочки атласные.<br>
- Ритуальная символика на крышку гроба (по желанию).<br>
- Постель в гроб, атлас ""Спандекс"".<br>
- Ручки, 4 шт.<br>
- Закрутки, 2 шт.<br>";;"Наличные, Visa/Mastercard, б/н расчет";true;;;;
110;true;true;true;false;https://24-ritual.ru/pages/market/marketOpen.php?id=110;"ООО 24-ritual";"Гроб Президент";"Гробы, атлас";11000;13530;RUR;https://24-ritual.ru/images/coffin/149.jpg;"Гроб Президент, деревянный, обитый атласной тканью.<br>
Комплектация гроба в себя включает:<br>
- Подушка, атлас.<br>
- Покрывало атласное с ритуальной символикой/без символики.<br>
- Тапочки атласные.<br>
- Ритуальная символика на крышку гроба (по желанию).<br>
- Постель в гроб, атлас ""Спандекс"".<br>
- Ручки, 4 шт.<br>
- Закрутки, 2 шт.<br>";;"Наличные, Visa/Mastercard, б/н расчет";true;;;;
111;true;true;true;false;https://24-ritual.ru/pages/market/marketOpen.php?id=111;"ООО 24-ritual";"Гроб Продольный";"Гробы, атлас";11000;13530;RUR;https://24-ritual.ru/images/coffin/150.jpg;"Гроб Продольный, деревянный, обитый атласной тканью.<br>
Комплектация гроба в себя включает:<br>
- Подушка, атлас.<br>
- Покрывало атласное с ритуальной символикой/без символики.<br>
- Тапочки атласные.<br>
- Ритуальная символика на крышку гроба (по желанию).<br>
- Постель в гроб, атлас ""Спандекс"".<br>
- Ручки, 4 шт.<br>
- Закрутки, 2 шт.<br>";;"Наличные, Visa/Mastercard, б/н расчет";true;;;;
112;true;true;true;false;https://24-ritual.ru/pages/market/marketOpen.php?id=112;"ООО 24-ritual";"Гроб Продольный";Гробы;9000;11070;RUR;https://24-ritual.ru/images/coffin/151.jpg;"Гроб Продольный, деревянный, обитый шелковой тканью.<br>
Комплектация гроба в себя включает:<br>
- Подушка. шелк<br>
- Покрывало.<br>
- Ритуальная символика на крышку гроба (по желанию).<br>
- Постель в гроб, шелк.<br>
- Закрутки, 2 шт.<br>";;"Наличные, Visa/Mastercard, б/н расчет";true;;;;
113;true;true;true;false;https://24-ritual.ru/pages/market/marketOpen.php?id=113;"ООО 24-ritual";"Гроб Продольный";"Гробы, атлас";11000;13530;RUR;https://24-ritual.ru/images/coffin/152.jpg;"Гроб Продольный, деревянный, обитый атласной тканью.<br>
Комплектация гроба в себя включает:<br>
- Подушка, атлас.<br>
- Покрывало атласное с ритуальной символикой/без символики.<br>
- Тапочки атласные.<br>
- Ритуальная символика на крышку гроба (по желанию).<br>
- Постель в гроб, атлас ""Спандекс"".<br>
- Ручки, 4 шт.<br>
- Закрутки, 2 шт.<br>";;"Наличные, Visa/Mastercard, б/н расчет";true;;;;
114;true;true;true;false;https://24-ritual.ru/pages/market/marketOpen.php?id=114;"ООО 24-ritual";"Гроб Траур";"Гробы, атлас";11000;13530;RUR;https://24-ritual.ru/images/coffin/153.jpg;"Гроб Траур, деревянный, обитый атласной тканью.<br>
Комплектация гроба в себя включает:<br>
- Подушка, атлас.<br>
- Покрывало атласное с ритуальной символикой/без символики.<br>
- Тапочки атласные.<br>
- Ритуальная символика на крышку гроба (по желанию).<br>
- Постель в гроб, атлас ""Спандекс"".<br>
- Ручки, 4 шт.<br>
- Закрутки, 2 шт.<br>";;"Наличные, Visa/Mastercard, б/н расчет";true;;;;
115;true;true;true;false;https://24-ritual.ru/pages/market/marketOpen.php?id=115;"ООО 24-ritual";"Гроб Траур";"Гробы, атлас";11000;13530;RUR;https://24-ritual.ru/images/coffin/154.jpg;"Гроб Траур, деревянный, обитый атласной тканью.<br>
Комплектация гроба в себя включает:<br>
- Подушка, атлас.<br>
- Покрывало атласное с ритуальной символикой/без символики.<br>
- Тапочки атласные.<br>
- Ритуальная символика на крышку гроба (по желанию).<br>
- Постель в гроб, атлас ""Спандекс"".<br>
- Ручки, 4 шт.<br>
- Закрутки, 2 шт.<br>";;"Наличные, Visa/Mastercard, б/н расчет";true;;;;
116;true;true;true;false;https://24-ritual.ru/pages/market/marketOpen.php?id=116;"ООО 24-ritual";"Гроб Чехол";"Гробы, атлас";11000;13530;RUR;https://24-ritual.ru/images/coffin/155.jpg;"Гроб Чехол, деревянный, обитый атласной тканью.<br>
Комплектация гроба в себя включает:<br>
- Подушка, атлас.<br>
- Покрывало атласное с ритуальной символикой/без символики.<br>
- Тапочки атласные.<br>
- Ритуальная символика на крышку гроба (по желанию).<br>
- Постель в гроб, атлас ""Спандекс"".<br>
- Ручки, 4 шт.<br>
- Закрутки, 2 шт.<br>";;"Наличные, Visa/Mastercard, б/н расчет";true;;;;
117;true;true;true;false;https://24-ritual.ru/pages/market/marketOpen.php?id=117;"ООО 24-ritual";"Гроб Чехол";"Гробы, атлас";11000;13530;RUR;https://24-ritual.ru/images/coffin/156.jpg;"Гроб Чехол, деревянный, обитый атласной тканью.<br>
Комплектация гроба в себя включает:<br>
- Подушка, атлас.<br>
- Покрывало атласное с ритуальной символикой/без символики.<br>
- Тапочки атласные.<br>
- Ритуальная символика на крышку гроба (по желанию).<br>
- Постель в гроб, атлас ""Спандекс"".<br>
- Ручки, 4 шт.<br>
- Закрутки, 2 шт.<br>";;"Наличные, Visa/Mastercard, б/н расчет";true;;;;
118;true;true;true;false;https://24-ritual.ru/pages/market/marketOpen.php?id=118;"ООО 24-ritual";"Гроб Чехол";"Гробы, атлас";11000;13530;RUR;https://24-ritual.ru/images/coffin/157.jpg;"Гроб Чехол, деревянный, обитый атласной тканью.<br>
Комплектация гроба в себя включает:<br>
- Подушка, атлас.<br>
- Покрывало атласное с ритуальной символикой/без символики.<br>
- Тапочки атласные.<br>
- Ритуальная символика на крышку гроба (по желанию).<br>
- Постель в гроб, атлас ""Спандекс"".<br>
- Ручки, 4 шт.<br>
- Закрутки, 2 шт.<br>";;"Наличные, Visa/Mastercard, б/н расчет";true;;;;
119;true;true;true;false;https://24-ritual.ru/pages/market/marketOpen.php?id=119;"ООО 24-ritual";"Гроб Чехол";"Гробы, атлас";11000;13530;RUR;https://24-ritual.ru/images/coffin/158.jpg;"Гроб Чехол, деревянный, обитый атласной тканью.<br>
Комплектация гроба в себя включает:<br>
- Подушка, атлас.<br>
- Покрывало атласное с ритуальной символикой/без символики.<br>
- Тапочки атласные.<br>
- Ритуальная символика на крышку гроба (по желанию).<br>
- Постель в гроб, атлас ""Спандекс"".<br>
- Ручки, 4 шт.<br>
- Закрутки, 2 шт.<br>";;"Наличные, Visa/Mastercard, б/н расчет";true;;;;
120;true;true;true;false;https://24-ritual.ru/pages/market/marketOpen.php?id=120;"ООО 24-ritual";"Гроб Гофре";Гробы;9000;11070;RUR;https://24-ritual.ru/images/coffin/137.jpg;"Гроб Гофре, деревянный, обитый шелковой тканью.<br>
Комплектация гроба в себя включает:<br>
- Подушка. шелк<br>
- Покрывало.<br>
- Ритуальная символика на крышку гроба (по желанию).<br>
- Постель в гроб, шелк.<br>
- Закрутки, 2 шт.<br>";;"Наличные, Visa/Mastercard, б/н расчет";true;;;;
121;true;true;true;false;https://24-ritual.ru/pages/market/marketOpen.php?id=121;"ООО 24-ritual";"Гроб Гофре";Гробы;9000;11070;RUR;https://24-ritual.ru/images/coffin/138.jpg;"Гроб Гофре, деревянный, обитый шелковой тканью.<br>
Комплектация гроба в себя включает:<br>
- Подушка. шелк<br>
- Покрывало.<br>
- Ритуальная символика на крышку гроба (по желанию).<br>
- Постель в гроб, шелк.<br>
- Закрутки, 2 шт.<br>";;"Наличные, Visa/Mastercard, б/н расчет";true;;;;
